40144167,__铮__
1034528924,凡JO
1047666037,黄沛龙
1054695402,小菊君
1064129632,Sysu-小丁爱执信
1068820803,肥而不腻的陈志鹏不接项目只接客
1075042012,Aki秋_Momiji
1077792470,OJB要努力
1078819767,刘刘爹不牛刘刘牛
1080842762,周小言要到近V来
1085891142,林西栋
1086365162,一啸而过
1115267070,missssheep
1132763541,色受想行识
1142839104,雪阳阳是熊猫猫求跟雅思分手啦
1146647300,小羊范尼
1155823797,哼哼哈哈哈哈哈_acy
1162541857,燕翎雎
1162927484,_诈傻扮懵吉_Choi_Man_Chit_
1163725927,衣加是个软妹子
1165083194,Neil-Zhong
1172532202,AchillesH
1173046623,一条疯狗福骏叔
1176276062,当阿童木遇到阿狸
1178823692,Addis_Ye
1180954091,Light_Raito
1188236270,古猪_adam
1188730505,MrRunning罗郁哲
1189591617,李承鹏
1193399657,蕉风雨韵
1195535292,of李定
1198659655,Lau_Chun_Cheong
1210520227,袁伟时
1212004123,4836chen
1214902162,蝈蝈开启连轴转模式
1217983054,三木-may
1218137715,大大大车轮
1226461680,肚嘟儿
1228977142,医生哥波子
1230865234,李某成系LeiGwoksing
1232590051,SYSU_刘卓poised
1232592461,0o_33_o0
1232601503,竹帛斋主
1242102153,晓潮_xclee
1242840753,小詩子
1245369407,Eason吕顺
1246459633,ACM_KAKA
1246733943,LZ-泰糍桑
1247409967,中大软件学院团委廖喜扬
1248138113,Michael_兜考N1
1248485985,MsRunningGiby
1249073370,地道口的光-陈镜华
1254960315,Yolis小金
1255789270,Alpha老爷
1259538961,等我吃饱之后
1263072194,麥明傑JackMak
1269946744,邹恩栋
1272075863,佳妮佳妮
1275328857,Universe小宇无力也得学习
1281800801,大黑框的家家
1282095241,小王子HOPE
1282581775,陈乔_SYSU
1284167672,-_小鑫_-
1285990860,小南要像风一样
1287417387,任旻苾
1292257137,熊颖渊不减肥不微博有事Q联
1299976001,睡友韶仪轰曾曰
1302189435,LY脸圆圆
1302557154,八超有所期待
1303733082,-lang
1309806302,沙皮皮皮皮
1315748585,王敬羽
1323399583,吴越-east
1330718173,PP是个萌妹纸
1350703427,邓大象想要学sports_medicine
1354064037,灵元郭
1357160164,BADROBOTT
1368194541,逸仙无患
1392240363,揚虎
1398056872,huayesysu
1407774977,达纳苏斯有个猎人
1417572502,PTU鹏图
1418789222,云淡风轻瑞秋
1432655481,文潇熬浆糊
1459613103,姗姗来迟的小屋屋
1462691510,微博akuan
1464741132,初璟琉璃
1469975985,兢兢业业陈Bobby
1471832204,becca-爱执信爱中大
1482623423,小宇_新约客
1501933722,sandymandy
1502249234,青春XY的立方
1502799013,想瘦的李佳芯爱享受
1509054301,半爿
1509819533,AAAAnimal
1539807932,我的路is我选择
1549134434,ShshanWu
1550430332,Y_gaga
1550973760,微风的往事
1556579435,SYSU大榕树
1557024651,Summery菁
1557224373,李雏菊
1565504063,CDsama
1567041270,Minerva_城德
1571803804,大学城周sir
1572017643,八哥行走在信仰的路上
1582329785,L_jJ
1582693101,Tsing_QC
1584356882,AnnanaLiiiiii
1584530300,子健_爱执信
1588027250,SSer--黄东
1593341555,月亮的口水是夏天
1594108230,钟大青
1598792411,吖丫aya
1599585093,SYSU萧玉宁已被封号
1599816633,田属
1601031625,Qing_Qing被shasha包养了
1606181613,kpkenshin
1607463312,颖欣最近好busy
1609420132,纳兰苁蓉
1611432712,孑然一身_花
1613323750,寒星子
1613387911,Luminsense
1614010580,李霜霜_ichbinSarah
1616309544,宇轩_Eason
1617199012,嘻嘻谭
1618797705,_Lady_River
1621162432,凉意不烦Yifan
1622136787,Phoebe_xgy
1626452307,Pchanris
1629336764,杨冬亮102
1630461754,IT程序猿
1630750060,杰森要加油
1630885733,小面吃小包
1631911741,LLC说她希望时光走慢点
1632971972,Hot_Ice_
1633748207,纯品大钟楼
1633989232,滕月爱学习
1634252512,Bridget要去远方
1635501450,大璇妞
1636849924,bulubulubul
1637195221,冰淇淋1号
1639118114,ruonananan
1639684792,超超超级无敌能睡的许大肥
1645112650,Astray_CCH
1645390853,烁高
1645929793,三磷酸腺苷昵称被抢
1647552892,Charleen_章琳咩哈哈Oo
1648094017,陈小贩
1649949555,XiaoXia_Fighting
1650893152,Crystal大婷
1651470627,小天天要向美满迈进
1651794163,快乐的庄同学
1652854594,林太娟
1653580664,Rondo_Chen
1653638963,大牙昕爱花痴
1657420501,小飞仔儿
1657760001,披着羊皮的小瀚是个买书怪
1657881227,Donald-华-SYSU
1657967113,中大HONE仔-林鸿章
1658075101,夜月生
1658503461,SYSU_黄国锐
1658508292,陆森是白痴
1659970025,xxsb烧鹅
1660315215,Kimsh即将毕业
1660390851,焦糖Sarah
1660432222,李恒这个名字比较多人
1660736003,陈嘉健要同时间赛跑啦
1663738782,Wong少静要卖懒
1664348534,中山大学何金鹏
1664491984,羅_rinG
1664935467,梦翘小雨April
1665289381,梅丽-李
1666698750,聖子一號
1668181550,Lynn_AIR
1669144515,继续亮要修硕问道
1669223955,黄荣是水货
1669834671,宇光sysu
1670306492,不要叫我刘璐璐
1670568212,新同会_王冠森
1670974560,陈volcano
1671219003,Cabiria_DHT
1671527187,木子田心moon
1672853650,牧也大人
1673939184,三宛金swx
1674087610,reddevil13
1675613202,晓云要改签名了以后再也不衰了
1675732132,找不到Usb借口
1676423703,挖出来拿去喂狗
1677334941,小泉很忙GO
1678391494,SYSU08PR_Elena
1678408537,Jieawon油菜花
1678570303,利弊libi
1678607550,无小敌韩剑剑
1678838741,Yura羽焉不详
1679008462,小土刀向前向前向前
1679074475,陈某_cpp
1679516243,Alan费纸
1679868684,亚历山大乔-101
1679895141,C_晓苏姐姐其实叫阿尧
1679967825,Sunhoooooo
1681942473,潘哆啦童梦
1682810577,黄梓豪-
1682911921,Josephine冯小欣
1683059705,泽鹏桑
1684189677,Josh_智
1684694765,Focus_milk
1685322097,大魚莫惆悵
1685468692,HuanghaoZ
1686006131,伞哥做个好青年
1686139120,伟锋-swf
1686888073,堪的斯陈
1687171927,迷迷羊求加蓝加红加BUFF
1687536653,极品的我是Eastmelon
1687629460,Vincent找寻自己的星空
1687903302,zz肥正
1688860325,璎珞_keyura
1688908620,根据法规该用户名无法显示
1689293275,Mao毛毛毛毛毛
1689495137,冷茶馆里的瑛哥
1691635003,栗璐雅
1691721215,Praxist
1691760403,李登峰Domo
1692243103,府臣百
1693133902,环猪-
1693269291,江涛Sui
1693478447,大兔纸啦啦啦
1694085787,Dorothy要努力
1694111635,劉卡豪
1695039194,坤_爱生活
1696372190,龙儿Chomunnn
1696466260,徐永结cheer-up
1698419995,Viviself吃吃吃吃
1698963925,大坝叔叔
1699105704,思铭毕业啦
1700337542,生銹狀元
1701798535,旅行的姿态-tangxj
1702003850,朱贵旭木有状态
1702722007,zhong_tf
1702840755,浩_Gervinho一生黑
1703503470,leeking是也
1703600542,忍冬-___-
1704310552,麥子_
1705425747,何珊Sara
1705838385,Frances_lichuyi
1706734634,C仔小囧变树懒
1706794317,万兽山主人
1709102203,吖良的一些事一些情_
1710190045,viccc阿
1710228073,笨蛋张琳
1710366664,草人可牧羊
1710410475,Wilson不导电
1710451184,Mansion-Leung
1710886000,泊茹_阳光正能量
1712815367,曈昽日
1713229175,Vicky_喵噢
1714548195,帅璐Vivi
1715062323,春田镇
1715235735,Arstiro是镜花
1715580697,WilliamChui
1716990444,或二
1717231825,唐迅疾
1717734790,餖町只爱混碗饭吃
1717861295,77evaqq
1718595897,柚子_peace
1718628582,Min__er
1718815572,黃系花助人為快樂之本
1718836164,海珠团委刘新丁
1719205023,豆腐-朗
1719300674,soimage
1719870130,Lee_SoTy
1720083875,魏颖wwwing
1721521487,动物园又有胡萝卜汁啦
1721854545,Azure-f
1722124422,小晖儿
1722743734,求幸运A的某幽幻
1725184097,梁小cat_求女神保佑周日天晴
1725403437,Eldoon
1726453915,思陽Allen要專注
1726675220,中山大学红十字会
1726948015,老木子来也
1727135277,悠lala
1727504807,韓蔭-大貓_愛執信
1727523775,黄诗诗进入毕业倒计时
1727681902,邢糊先
1728224180,kevin-鹏-
1728229814,DOGPA廖启明
1728534193,逸仙火焰杯_旖旎yn
1728714855,志聪_Tommy
1728721463,宵夜达猫
1729297705,丁廣裕Kewin
1730097020,戴晓天SKY
1730511853,杨头头lor
1730902817,杨行_教主_一统江湖
1731240677,发呆的均均
1731283834,索菲亚呀
1731368874,国力-Walker
1731762687,烂烂烂鬼蕉
1732630167,Peggy_Young
1732858491,Sin27
1733326275,MIAOOOOOOU奇妙冒险
1733495710,昀妹子和昀爷是个很好的搭配
1733647667,paddyzhong
1733700365,蔡choichoi
1733740022,映0-
1733748454,gill_ling
1734016703,王昭韵
1734153813,潘内不高兴组汤Sir
1734198984,小嘉玲Jannice
1734625733,傻_vin
1734786055,王狒颖
1736109804,狮子熊_to_be_continued
1736312571,敏琳ha_
1736369014,蘑菇不哭_
1736891943,不到杰少的我
1737081000,小_熊_猫sama
1737170482,冬冬冬强
1738180534,双子座怪怪女
1738865337,风间水云
1738952574,小王子_FEN
1738956075,浴袍团_肥熊依旧是学渣
1739212652,冯小贼Con
1739804411,Helen请给力
1739924244,Iris要做拒绝拖延症的女超人
1739928273,苍井空
1740146345,陳慘兒
1740154440,Brian小磊
1740412602,死囧死囧团_椰妹妹你_checillor
1740579633,沉默小虫
1740596621,袁嘉慧
1741046365,_李韻悅
1741352925,何小六
1741721560,杜凌志
1742126243,百年佛一_麦兜一样猪猪既小泳爷
1742462367,winwin总是有愿望
1742649410,Lay_Apex
1743566867,汪伟豪
1743843172,AllanHo何生
1743942334,LjLiii嘉俐
1743993247,Sukeytong
1744563063,林立凡vicle
1744702633,CHEUNGMKEI
1745388172,雨沸沸奔向VENUS
1745468931,Sser_旭阳爱枪手
1746343125,DopeNeedNoBreak
1746765643,大粒夫斯基
1746905915,猫の此方
1747204247,sam-united
1747487672,碧蕓Bivin
1747599185,木犀君
1747625780,原来可以甘
1747798155,CheSharp
1748187932,广商热点
1748343932,义忠仁-老钟-sysu
1748347633,郑舟轩先生
1748416914,小王子FaXlum攒RP中
1748422287,--鬯--
1748457583,Rowenaaaaaaa玉子是也
1748628222,_EmoryLui
1748740343,洢迩遥飗_JQY_Yeyl
1748785380,林先生为林生林太的房子努力
1748809202,一盒朱古力
1748976441,Sukekiyo珩
1749086112,Itsjoyce
1749120114,zhangyiwu
1749297661,陈健_Kelvin要顶住
1749640170,Gin_Yim
1749749732,在指尖上跳舞的木偶人
1750252444,Ev嗯
1750757735,努力做实验的灰机
1750794097,叶家良民
1751284264,信望爱_锋
1751428971,pow_pow
1751517134,可可-小姐
1751814863,片片_TOP
1751963290,劉小恆
1752020242,FateNyears
1752059577,Total_79
1752093522,Tcy就是莉莉斯
1752320761,后末日小七sookie
1752408270,slipper_red
1752518780,健苗sysu
1752733321,晨早刘刘颖CCC
1752791340,yzr_Bebetter
1752868663,Gin麻麻_丨OxO
1756996341,e_尘
1757082551,冯小兑充满斗志
1757191241,Parano杨
1757299187,Shelly_L
1757537265,Aves曾经叫花花
1757632423,Scarlett王
1757746837,no2jiandan
1758187433,Fitzz
1758495327,智欣_Chan
1758504953,热水水水水遇见维纳斯
1758567997,圈圈在上班
1758598633,岭南御医陈杭
1759073455,中山大学招生办
1759182841,谁是艾瑞丝Iris
1759206741,Newgzer
1759250483,打不死小神童Pudding
1760358863,黄叉_谁能救我
1760766450,Iman_sysI精神领袖
1761735895,王_雪梨
1761875172,Vivian属小龙
1761896612,BlueTequila
1761939697,SUMS水叔
1762091774,吴琤瑜
1762452290,石中80年_张yy系张海瑶
1762727242,Nicole_Bi_
1762994130,DXY享受慢跑
1763071580,高高高DaDa
1763308151,__-Steven
1763355035,仇爷Nate
1763645671,LJDede真名是路近的
1763670184,eternity钰
1763776967,不叫不乐意木了的Mr_彬
1763839647,花阁夫人
1764001524,Emma玛塔塔
1764176142,CAi铄-CARL
1764214135,嘉林Jarring
1764333820,錦偉-JayWay
1764523894,考研人Double-J陈俊君
1764560410,Yolanda_妍斯潘
1764560763,Tse_ChunKit
1765071773,Axelle-黄茵
1765277205,达文sysu
1765355710,我叫凡凡凡千程
1765430911,平囧囧囧_jkoxck
1765744515,小灏子Harvey
1765839274,ChinNgai-Yii
1765857215,伊乔不懈怠
1765910111,大黑蛋ly
1766168261,SYSU壮雄君
1766194733,吖朱_FLYing
1766508084,就是黄晓彤啊
1766946095,筱Ne子
1767321604,罗颖隐者
1767489353,BBBBBehahn在中大混碗饭吃
1767747361,heyvian
1768001547,中山大学中大青年
1768131522,小Zhu会飞
1768228205,耗子乐其乐
1768299660,捏捏诚
1768332482,芬芬深爱银桑决定永远相信
1768421845,Hobby_Hobby
1768527461,負壹
1768681055,一只pinky
1769072917,Kevin就是young
1769347037,Lee龄
1769402831,林某炀Kevin
1769478771,o0O西瓜润Oo0
1769551685,火车_Wasyn
1769816732,唯一的林霖
1769872654,我--日啊--
1769888922,_dTvTb_
1769941407,vivihey
1769955782,adadcecs
1770040450,LOGEND盧俊豪
1770057570,根根根儿
1770358962,_Leeeeeeeeeeee
1770389630,神游大王Em
1770579445,June__ho
1771048777,Karel_Yang
1771090073,小粒OVO
1771465573,朱晓华H先生
1771773130,___YJ___
1771927872,CUI颜
1772060613,dora铁齿铜牙
1772233294,戴戴戴嘉慧_高争鞋控
1772510832,钟立昊
1772540105,小翼汉涛
1772568527,卓老轩
1772596810,SYSU-李林峰-困顿中
1772962315,周老肥
1773478163,夏洛克白
1773528573,鱼腥要天天向上
1773632563,吴文亨觉得最近的生活好顶赞
1773650420,_Xx会天天向上
1773763515,_何炜杰
1774358657,冰吖冰爱执信
1774490347,SS501家的小婉子
1774501217,陈韵瑶-3-
1774599635,米嘉伟Freedom
1774659143,刘维_vivi
1774830154,ARCTURUS者乎
1774899284,VVRr_雯榕兽
1774927904,中山大学韩英明
1775375602,猪猪猪小一
1775396860,嘠後婉小姝
1775717460,王小丹_SYSU
1776067697,vitriol_ph
1776243991,mean-s
1776395532,空灵古月
1776503304,大冰冻三尺
1776586610,SYSU曾奕瀚不药遗憾
1776659265,涼加弦
1776866150,叶一瓦要吃茶叶切糕
1776906615,qywong
1776984541,好人幸福2012
1778394853,Vaucheeho
1778423530,SSL健平
1778434637,kyle大笨蛋
1778538331,某cL要加油
1779534265,_lemonstyle
1779764065,義忠仁蓝天照长星要变真男人
1779905131,很贱很贱的lo
1780059381,SYSU_義忠仁_己烯勉
1780104095,西贝水木
1780381021,郭郭要做自己
1780671141,谢颖仔
1780721885,畅畅_Pcc
1780779991,洪洋不是红羊是白羊
1780980255,SYSU灾祸的旋律
1781305164,李在锦
1781376227,多巴胺叫冯纬洲
1781443851,sikou_HZH
1781847740,LinYang_StyleX
1782746783,Saffi-Kong
1783222597,知微-
1783360407,Charlene霍晓琳
1783418715,義忠仁Cynthia
1783634797,OkayLady
1784140511,老是饿的慌kwan
1784654174,陈水鱼努力游
1784807831,Wengdy--蜗牛漫漫--
1784991271,47Liam
1785142387,sysu-燕
1785434013,__Miss龟__
1785499700,SYSU_国豪
1785635341,SYSU宋文杰要好好看书啦
1785709632,SHAWDACIA
1785809740,薛小特特特特特期待阳光
1786986561,大力士睿睿睿睿睿睿睿
1787042044,10th企文_我辈行藏君岂知
1787865415,叶均明有孖宝没烦恼
1787885033,路路路从心出发
1787948993,豆腐仔tofu
1788292195,子非_鱼之吖木
1788705612,木瓜很木又很瓜
1789323770,周点点同学
1789791533,sysuliz
1789832871,北大未名BBS
1790137235,广博雅正_祖叔
1790167442,传森奋起直追
1790845165,pw-Yan_One
1790847153,离奴卍認daydayup
1791039083,ldoublem
1791108885,-张靖雨
1791770830,Haan嫻
1792711953,SYSU_林铮
1792966170,圆滚滚土豆君
1792966784,雪梨要积蓄正能量
1793172300,美-人-毓
1793998085,SKKYFish
1794257334,张windream
1794380202,sysu_秋霖Truly
1794585703,爱心去逻辑化
1794676235,-轩涯-
1795177133,刘腾威
1795214112,L梦bao_elsa
1796519697,华农红满堂
1796651323,曹迪CDplayer
1797071842,小可就是小洲
1797426213,钟钟小明--
1797925890,JasonKo_高进星
1797971721,Alex_木
1798049781,咸脚大浮肿_车畅要狂甩二十斤
1798610975,遁入空门的和尚头_江小肥
1799046505,義忠仁-Ace
1799520420,廖志伟-VIGO
1800262504,sysu-Dinner郑迪楠守护健康吧
1800266801,罗浚-JunweiLo
1801299851,黃藝詩aeasy
1801544112,钟剑飞回来了
1801575584,鄢小宇
1801786685,尹燕芬scarlettyin
1801971307,晓阳是Asuna脑残粉
1802099592,xiao亚要淡定
1802123152,忘却近况
1802484964,我不叫邓气王
1802651820,SYSUer-lonely-k
1802746684,肖依SYSU
1803539045,ONE培钧
1803643980,文俊叫C_wen
1803989604,林小贱Dickson
1804121004,詹晴晴为各种选题发愁ing
1804185340,H莹带着正能量生活
1804314500,一碟蒜蓉
1804560381,TseLaiYin
1805184991,Amazing落户平样
1805307900,十三爷CDL
1805561700,Change_sea
1805567274,采ni段段点儿
1805655765,Danique
1806041677,HFer吖蚊
1806356270,HeyDianeLy
1806376390,fulpetrol
1806694805,Cheney_to_be_a_better_me
1807242680,HeySweetPotato
1807775987,果欧
1808087162,momo_RR
1808155064,GarboL哲
1808887782,奸商刷子
1809114614,Bessjingyi
1809464024,enchanter宏_求Offer
1811116424,ououou区嘉欣
1811772862,影渐长是Nicole不是你抠
1812229011,Sion_Ye
1812385414,sugar是靠谱好少年
1812560742,追求数学女神的孜哥
1812571940,安高大
1813288731,王腾达要正经过生活
1813718631,-臭人鹏-
1814252733,Eva变身小师奶
1814269305,思雨总是打鸡血
1814323135,plus_pan
1815654402,糊涂制胜
1816434991,中大信科学生会
1817017004,李步云在云端_WALK
1817364705,刘伟任
1817652935,悦盈你要马力全开
1817739357,郑晓芳Fanny
1818094390,红勤实健-佳俊
1818785983,振兴_prosper
1819125145,杨豆豆是也
1819373375,Amy-sysu
1819768193,isaakfvkampfer
1820613995,嘉小雯karen__Ho
1821607721,C家萌二小姐
1822118687,Michael_JH
1822939211,zhmhang_restart
1822974263,卢栩诗
1822992283,sysu-梁倩文
1822999130,埃克斯皮
1823603827,喵_Lila慧trabajando
1823839735,Sser_我系珠宝吖
1823878955,在路上--剑虹
1823899434,工藤馨仪
1824038997,sasa95
1824253715,猫姐-Lily
1824473321,MemoryDeep爱生活
1824597215,ISCNU
1824623962,_ragna
1824915921,谭雁青
1825228495,童昕_要读书
1825672224,E-Kian啦啦啦啦啦
1825779374,Xiangmeiruo_Carol
1825894252,衰航居然俾人用咗
1826043943,宇虹妹纸是Yvonne
1827285092,義忠仁_薯蓉求健康
1827469277,YouknowDai丶
1827905301,中大国际商学院学生会
1828764192,_CSCCJ
1828853391,姚素丹__猫狗走天涯
1829189205,中东足协SYSUFA
1829308645,麦子林夕
1829414713,郭八十
1830271234,Rin二涵_小貝媽
1830408117,REACHEL_AN
1830494733,GH-A_A
1830628062,MM小超人要闭关
1831362635,水晶鞋不给你
1832373465,努力增重ing的躍_EGer
1832451415,SYSU_小布
1832823411,KarMing-Ho
1833271943,中山大学外语协会
1833901254,逐日向上_Alex
1834377357,讲文明懂礼貌的Dream
1834481580,Rush--Whoo--Watcher
1834621060,SYSU_钟方晖
1834705163,中大法学院学生会-律音飞扬
1835157145,衍鸣人在京心在粤
1835229243,缘何ben
1835334200,你的J就是我de健
1835590577,少将飞洛
1835797865,踏踏_快乐的小两
1835964400,七多咧
1836859642,十N十N
1837066900,欧妮施施施施施施
1837120410,祁晓澄
1837238047,夜狩十三
1837263315,SSer_鲥殇
1837630855,SYSU_馨粉儿
1837790651,小N我们隐居去
1838167644,百年佛一_妹子恒
1838176877,Multiface
1838235752,wz_茁
1838264494,名字长是存在感低的形而上表征
1838389582,Cherry有只Mario
1839096514,June_邓俊良
1839260630,S御飯
1840037667,丁偉捷Jason
1840249967,啸X-ray---shining
1840684334,蜡TE
1840717995,_贺佳伟
1840766762,健屏_sysu
1840969753,健仪zoey
1841368413,张和铭1117
1841372821,赤子蒋宏达
1841392920,吾字仲肥
1841783917,Maxcell
1841981352,SYSU_10软院溪
1842010317,废柴小懿
1842065555,Amy-Twiiiiilight
1842767865,liudong0753
1842965943,Char1ene_
1843023533,陶德-Todd
1843024835,人语通
1843151874,BFer_枫梓
1843354310,Captain-JT
1843422501,老许忙Coding
1844114577,吴shaohua超happy
1844232135,kk_想知道才华横溢是什么感觉
1844330473,夏魚荷XOXO
1844640392,爱诚真毅little_tan
1845311324,noisiv_
1845429332,袁志鹏Nomad
1845445321,草泥冰
1845462577,-心似淬火不能触摸
1845572777,一君JUNE
1845606085,中大软件学院张硕辰
1846495637,leafmelody
1846655105,阳阳_羊羊
1847782641,AlwaysHaveAlwaysWill_yyb
1847925331,babysor
1848141923,林林_lqx
1849017127,郑彧
1849052325,小兔_跳
1849376393,Stephanie不加班
1850146957,____晏晏
1850167901,SYSU_陈晓燕
1850188325,以津补筋
1850227845,果汁_YES_Miss
1851154050,清舞影
1851446912,chalnkualn
1851557607,小琳子123
1851929662,阿蕉没有明信片收
1852737104,紫叶丶云轩
1853042645,Wing_ee
1853619397,-kityy李嘉慧-
1853707235,深大新生
1854610237,郑伟涛Tim
1855586911,大神已经是过去式了
1855788355,吴荣利T_T
1856281164,Simon在游走
1856406334,尘汵言
1856678744,hohi王泓熹
1857003442,好麻烦的泽信啊
1859228661,sysu-HFer具具努力成为你的荣光
1859487853,lide1a
1859744540,z小姐是可燃物吧
1859943727,大學城北妹Molina
1860526964,SYY-请以结婚为目的和我交往吧
1860787552,sysu_ppppp
1860857470,T蛋蛋的忧伤T
1862511043,62靖怡
1862776893,Jay--__--
1863196144,飞啊Terence
1863498562,流璃笛子
1863663685,吳越喬人
1863756375,何_yw
1864441581,yushu临风
1864839207,彭继贤
1864923134,烤焦的雪人
1865198127,自新世界farewell_yooooookun
1865250171,我是a毛
1865265543,冰冰鱼V
1865641641,改一个励志一点的名字
1866982714,HFer_Faye
1867801717,真话_Birch
1867933103,邱洁娜
1867953155,sysu-Ten然dYe
1867995180,因为有梦_Malei
1868087263,SYSU-张娜nana
1868768760,fywei12薇
1868845044,白白一坨坨不学无术
1869901687,马冈无尾巴
1870036613,唐小Min-
1870239630,hwfc_王志涵
1870592423,甘甘甘小俊
1870677667,周超-嗷嗷
1870765635,弄昵称头很大的YB
1870785757,Bokiding
1871290842,李圣彪_
1873925557,小蛮族长
1874048763,垂钓清川SYSU
1874061053,Yuty--violin
1874499105,以欣WENDY
1874797432,foooonfoooon
1875274160,感恩的树
1875992031,阿Ken要奋斗
1876239544,平常的星晴
1876252195,Catnip10
1876532297,gyy求dreamoffer
1876896683,我是安睿安睿啦啦啦
1877035643,Leaster-Mark
1878322887,痞極太來
1878432290,陳惠玲_CindyChan
1878532042,PeterAi
1878598280,小游子而已
1878719850,苹果Fu
1878746075,罗文聪身边很多人胖了
1879000602,大言希希
1879647462,中珠广播台
1879782350,bear0_0
1879793610,__没时间小z
1881346234,ZomBie_张斌
1881896552,三魂七魄博物馆
1881944493,Jocelyn_阿花
1881976837,泽丰咯
1882369931,眺望的Cosmo
1882529667,吴佳双
1882970031,Einstein-D-luffy-2013-怒奔MIT
1883574834,涣兮_C
1883611695,敢忘记你们我就是狗天
1883812090,風紀委員神前駅
1884334084,番薯妹_weiwei
1884843924,Vanessa_BO_Chan
1885854114,严勤细实-SenshuiLau
1885859181,Mr_HonBean
1886840531,surprising_heyhey
1887790981,广州日报
1887858185,陳康傑-_-
1888018130,sysu王帆
1888148263,广东工业大学GDUTOL
1888192825,飞溯越来越像个文科生
1888957760,内美修能_林伊彤
1889332643,傻孩子兜里有糖
1889907907,Oldboy-tvb
1889973963,swzeng_baman
1890036377,天_love使
1890286607,鸿升_fight
1890304692,知更鸟麑下
1890574251,猪大船
1890650397,SYSU_夏欢
1891262994,广商爆料
1892085843,arockzxy
1892160155,景Mei爱兔子
1892723783,中山大学
1892919434,lipper宇宙无限
1894114081,小银在中大
1894761253,尔威404
1895838204,C晓丹_烤G
1895962737,海明威威威
1896403375,陈兰琴cc
1896467927,ChoiJun是菜刀手
1896747580,SYSU杨心怡
1896873624,xln_UP3UP4
1896895961,中山大学传设院学生会
1897344133,rilakkuma高肥美
1897490751,筑梦的路上-justgo
1897680921,林小娴Leon
1898182063,谢汝石医生
1898602335,芷琳lin
1898623953,大包爱执信
1899452321,中山大学逸仙时报
1899715353,邱小拍Yolanda
1899721964,唐kw
1900089651,冯丹萍
1900252594,老沛要静心淡定
1900322857,独一无二之Mr_JinP
1900674207,CLAVIA
1900951293,王旋akaWX
1900972795,LittleEarCanFly爱执信sysu
1902399153,辄_Stella
1902814911,bt__上帝的慈爱高及诸天
1903823813,moimoi琪琪妹
1904044645,sysu刘少成-努力寻找新希望
1904243303,Nancy_Zouty
1904485870,追梦的阿帆
1904533355,ChaobinZhang
1904769632,熊猫熊猪
1905384407,Archer_SYSU
1905450023,谢小韵想实现新年愿望
1907285975,泽泽泽泽泽泽邱
1907741723,穆斯林民工
1908782077,我开小号出来混
1908909487,sysuAlly
1908992627,hakitx
1909649931,醍乌落月
1910181937,V微木海庆
1910281152,月月好忙
1910653763,黄俊毅_Troy_Ricedonate
1910973167,王小露要奋斗
1911510115,SCUPPP
1911743275,小璇子running
1912170823,Bruce-Yip
1912993407,蔡小漾四月能量满格
1914651115,DONG_LEAF
1914699750,傻子_-
1914723895,奇亦亦
1915607011,廖杞南
1915819155,彭霓Penny
1916409387,野生的核仁
1917277223,了他一下
1917414635,Hi-烁斌
1918036962,晓南飞刀
1918156912,卓大然
1918381834,霍格舒坦
1918571192,Iyan-Satyr
1919855381,俾斯麦不吭声
1920633325,Livy--小丽玫
1921032363,L键煜
1921814342,叶青_Ching笑吧笑吧
1924019737,SYSU-邓爷
1924822355,木清学做巫师玩毒液
1925087745,勤劳的电子琴
1926102505,花瓶花樽花尊
1926517900,玉佩是玉皇大帝
1926774042,Addy仔要过新生活
1927257163,独孤枫寒
1927357243,長大的倩子夢想劉浪
1927881287,SYSU-XIECHY
1928015717,菊爸岑骏
1928185142,RowlandM
1929640462,Steve因自发对称性破缺而救赎
1929736255,羊城晚报梦婷
1930981410,小肉跪求点点点
1931356515,阿平Topmin
1932034465,骑行冒險N儲錢買單反的林琳大俠
1932097921,Better辛_半桶水
1933060475,小曲果然有萌货的潜质
1933274991,Huang辛炜
1934789497,嘻嘻复熙熙_Carrie
1935256595,难道是圆仔哟
1935983137,吴志凌-积极向上
1936268611,-兔包子_
1936894290,锕栋轱
1936958551,王木鱼avi
1937465123,Sser思婷
1937830961,TurminTou
1937863642,许国椿
1939510931,sysu佳全
1940635993,sysu_roc
1941231972,广州大学城讲座
1941542561,GZer_派大乐乐
1941887204,Lea-leung
1941934834,中珠职协
1942538703,蔡老师华附中珠不寂寞
1942769095,DQ小琛SuSu不要再迷茫
1942797217,浩然正氣-祥睿
1944424737,吴广在实验室or去实验室的路上
1944426505,ChickFowl
1944532743,SYSU-景曜
1946033463,等待-记忆
1946307653,深大南区
1946370877,Zaynnie
1948160973,白仁的Yi昂
1948197731,SYSU-马冰磊ForzaMilan
1948240140,周新up_up
1948297622,中山大学南校区团工委
1948493491,爱诚真毅-隽-自然灵气
1949756403,Kevin经纬
1950773307,Busy好Busy
1950892765,Y-_-F
1953205865,JessieJessie啦
1953895473,雪梅_四姐吹不走
1955000934,Magnol
1955137745,-一半儿
1955926760,懒汉在低谷中
1957020914,行者菠萝
1957604317,sysu_曉嵐Sherry
1957774215,乌丁来奋斗
1958024022,深职爆料
1958836963,fee番薯要勇敢面对新生活
1959147517,Po-kemon
1959243355,八千琉
1959820422,随拍广外
1961725393,Nikey_姝顯hold住
1963189447,li-mgzn是也
1966615767,随手拍照解救中大单身
1970622627,阿坤_Spark
1973232353,Dy-namic
1973653497,雅文Masaco
1974918953,Nessi不是圣母玛利亚
1976740010,吴成禹
1977445512,雪域乾坤
1978446727,_Hyfasity_
1978460750,听见遥远的声音喊着努力多一点_
1981185285,YJX_Stars
1983251714,中山大学资讯学生会
1984144903,么么刘小晶
1984913243,菠萝儿啤
1985008785,cfzi-菲
1985375271,料爆大深
1987639665,新社不足DC不足96猫不足嘤嘤嘤
1990216553,doralovely_霹雳兔兔拼论文
1990849257,宁波Trident
1991595125,義忠仁_19个西瓜
1992152321,Hi世波
1993025335,老施当了救火队员
1993146140,大雁_sysu
1993535077,若楠要多读书-PEARL
1994389140,中山大学一起跑协会
1994393281,Zuo小为
1994468125,義忠仁-东妮
1995575595,Connie_laiyd
1996195341,木花花花-
1996821001,该有多坚强
